{
  "test_accuracy": 0.9558028125482924,
  "test_precision": 0.8533270852858482,
  "test_recall": 0.6198093941456774,
  "test_f1": 0.7180599369085173,
  "test_auc": 0.9723484505666774,
  "threshold": 0.9249592423439026
}